{"mean":{"confidence_interval":{"confidence_level":0.95,"lower_bound":18155635350.46,"upper_bound":27570290457.03},"point_estimate":22711880934.11,"standard_error":2399437559.4849496},"median":{"confidence_interval":{"confidence_level":0.95,"lower_bound":10604070678.0,"upper_bound":17315933848.0},"point_estimate":13438170097.5,"standard_error":1736634988.148184},"median_abs_dev":{"confidence_interval":{"confidence_level":0.95,"lower_bound":9809415296.023365,"upper_bound":19866016415.125206},"point_estimate":14546022201.891384,"standard_error":2710739240.3503184},"slope":null,"std_dev":{"confidence_interval":{"confidence_level":0.95,"lower_bound":18044427430.651157,"upper_bound":29218150982.837208},"point_estimate":24020198960.072105,"standard_error":2867734406.5135365}}