{"mean":{"confidence_interval":{"confidence_level":0.95,"lower_bound":5.279787586501892,"upper_bound":9.941965472215132},"point_estimate":7.219115984369264,"standard_error":1.195482044355898},"median":{"confidence_interval":{"confidence_level":0.95,"lower_bound":4.380984039748238,"upper_bound":9.90506859493777},"point_estimate":6.7653150486856735,"standard_error":1.4160084556893076}}