{"mean":{"confidence_interval":{"confidence_level":0.95,"lower_bound":6.223192601700529,"upper_bound":10.911592789300993},"point_estimate":8.1603197515513,"standard_error":1.2019189022894448},"median":{"confidence_interval":{"confidence_level":0.95,"lower_bound":4.573969062789181,"upper_bound":9.960557753215074},"point_estimate":6.415246134816281,"standard_error":1.323990986783558}}