{"mean":{"confidence_interval":{"confidence_level":0.95,"lower_bound":1345737351.03,"upper_bound":1365188808.94},"point_estimate":1355121391.15,"standard_error":4983329.820666491},"median":{"confidence_interval":{"confidence_level":0.95,"lower_bound":1328106624.0,"upper_bound":1331739785.0},"point_estimate":1330412110.5,"standard_error":808774.127964134},"median_abs_dev":{"confidence_interval":{"confidence_level":0.95,"lower_bound":4651063.636127114,"upper_bound":9545555.361932516},"point_estimate":6973664.724692702,"standard_error":1191561.7852761168},"slope":null,"std_dev":{"confidence_interval":{"confidence_level":0.95,"lower_bound":41591285.48035739,"upper_bound":55828201.120536156},"point_estimate":49862531.68340428,"standard_error":3666313.544587198}}