{"mean":{"confidence_interval":{"confidence_level":0.95,"lower_bound":57663740.56,"upper_bound":58563519.43},"point_estimate":58129883.84,"standard_error":228150.33218347572},"median":{"confidence_interval":{"confidence_level":0.95,"lower_bound":59099618.0,"upper_bound":59277870.0},"point_estimate":59195373.0,"standard_error":43660.75189770027},"median_abs_dev":{"confidence_interval":{"confidence_level":0.95,"lower_bound":300365.85906744003,"upper_bound":609736.289075017},"point_estimate":404214.5742237568,"standard_error":78105.68525398249},"slope":null,"std_dev":{"confidence_interval":{"confidence_level":0.95,"lower_bound":1927342.254752158,"upper_bound":2564974.9650161155},"point_estimate":2297677.2859831126,"standard_error":162651.21841435987}}