{"mean":{"confidence_interval":{"confidence_level":0.95,"lower_bound":201631393.21,"upper_bound":310997968.35},"point_estimate":252534933.97,"standard_error":27892610.204703446},"median":{"confidence_interval":{"confidence_level":0.95,"lower_bound":129178532.0,"upper_bound":225300601.0},"point_estimate":178941901.0,"standard_error":23594683.84454244},"median_abs_dev":{"confidence_interval":{"confidence_level":0.95,"lower_bound":140569367.31099486,"upper_bound":256036683.83548018},"point_estimate":188060350.66586137,"standard_error":28501923.00786054},"slope":null,"std_dev":{"confidence_interval":{"confidence_level":0.95,"lower_bound":190800330.6332964,"upper_bound":368434998.50021356},"point_estimate":278310550.84791714,"standard_error":47064958.38307352}}