{"mean":{"confidence_interval":{"confidence_level":0.95,"lower_bound":213653989.16,"upper_bound":316975653.22},"point_estimate":263612824.34,"standard_error":26379352.700159647},"median":{"confidence_interval":{"confidence_level":0.95,"lower_bound":137817779.0,"upper_bound":250086746.0},"point_estimate":170668094.5,"standard_error":22535443.306210216},"median_abs_dev":{"confidence_interval":{"confidence_level":0.95,"lower_bound":148528582.21389055,"upper_bound":264607483.2365781},"point_estimate":202071702.48861015,"standard_error":27372859.171969865},"slope":null,"std_dev":{"confidence_interval":{"confidence_level":0.95,"lower_bound":211510422.0334156,"upper_bound":312455186.24863714},"point_estimate":264308088.60604545,"standard_error":25879708.3920712}}