{"mean":{"confidence_interval":{"confidence_level":0.95,"lower_bound":-0.9994814411390667,"upper_bound":-0.9994207620252125},"point_estimate":-0.9994457726176548,"standard_error":0.000016457237749828602},"median":{"confidence_interval":{"confidence_level":0.95,"lower_bound":-0.9994166639196507,"upper_bound":-0.9994153629627762},"point_estimate":-0.9994160771439852,"standard_error":3.2855035112873637e-7}}