{"mean":{"confidence_interval":{"confidence_level":0.95,"lower_bound":54740230.53325,"upper_bound":55369893.7185},"point_estimate":55042678.55,"standard_error":160841.66718613383},"median":{"confidence_interval":{"confidence_level":0.95,"lower_bound":54615213.0,"upper_bound":54760220.0},"point_estimate":54688965.0,"standard_error":40140.19747320106},"median_abs_dev":{"confidence_interval":{"confidence_level":0.95,"lower_bound":287803.0481904745,"upper_bound":472443.0837124586},"point_estimate":378038.53038847446,"standard_error":46920.89751622265},"slope":null,"std_dev":{"confidence_interval":{"confidence_level":0.95,"lower_bound":1210997.8861161792,"upper_bound":1920827.3904871042},"point_estimate":1610725.5650477496,"standard_error":180370.51139096086}}