{"mean":{"confidence_interval":{"confidence_level":0.95,"lower_bound":54793651.5255,"upper_bound":54906340.99},"point_estimate":54847572.56,"standard_error":28602.93798044702},"median":{"confidence_interval":{"confidence_level":0.95,"lower_bound":54752099.0,"upper_bound":54817175.0},"point_estimate":54771855.5,"standard_error":18960.21319908152},"median_abs_dev":{"confidence_interval":{"confidence_level":0.95,"lower_bound":127186.32134199142,"upper_bound":218713.14811706543},"point_estimate":163121.57950401306,"standard_error":21995.503030607786},"slope":null,"std_dev":{"confidence_interval":{"confidence_level":0.95,"lower_bound":211415.937031343,"upper_bound":350614.5301784181},"point_estimate":284979.5626748166,"standard_error":35552.45794804558}}