{"mean":{"confidence_interval":{"confidence_level":0.95,"lower_bound":58245399.62025,"upper_bound":58415167.21},"point_estimate":58330708.01,"standard_error":43193.93332455578},"median":{"confidence_interval":{"confidence_level":0.95,"lower_bound":58226465.0,"upper_bound":58359392.0},"point_estimate":58264943.5,"standard_error":41293.60071030601},"median_abs_dev":{"confidence_interval":{"confidence_level":0.95,"lower_bound":218983.38902726778,"upper_bound":358436.334836483},"point_estimate":275553.807207942,"standard_error":33612.00463739161},"slope":null,"std_dev":{"confidence_interval":{"confidence_level":0.95,"lower_bound":292220.10265736043,"upper_bound":569807.8941828185},"point_estimate":434094.40554001764,"standard_error":71449.15404491883}}