{"mean":{"confidence_interval":{"confidence_level":0.95,"lower_bound":1765845412.89475,"upper_bound":2605586294.3614984},"point_estimate":2165930105.18,"standard_error":213908320.30449313},"median":{"confidence_interval":{"confidence_level":0.95,"lower_bound":1166605876.0,"upper_bound":2148866486.0},"point_estimate":1781806565.0,"standard_error":272397299.3718585},"median_abs_dev":{"confidence_interval":{"confidence_level":0.95,"lower_bound":1353021114.7833734,"upper_bound":2262906629.0871086},"point_estimate":1828050510.3830159,"standard_error":245892379.16131294},"slope":null,"std_dev":{"confidence_interval":{"confidence_level":0.95,"lower_bound":1643370702.974817,"upper_bound":2633809019.929079},"point_estimate":2152751120.394198,"standard_error":254020330.5240013}}