{"mean":{"confidence_interval":{"confidence_level":0.95,"lower_bound":-0.06997651768599722,"upper_bound":-0.06638153659600274},"point_estimate":-0.06811198015813347,"standard_error":0.000914756240691439},"median":{"confidence_interval":{"confidence_level":0.95,"lower_bound":-0.07010387620779612,"upper_bound":-0.0665249606644418},"point_estimate":-0.06813603721932882,"standard_error":0.0009098730613538038}}