{"mean":{"confidence_interval":{"confidence_level":0.95,"lower_bound":2.860473178554611,"upper_bound":2.9173301317487828},"point_estimate":2.8915292937723454,"standard_error":0.014842948454479823},"median":{"confidence_interval":{"confidence_level":0.95,"lower_bound":2.9380045433524247,"upper_bound":2.954113726111399},"point_estimate":2.9465936286305814,"standard_error":0.004129533856298524}}