{"mean":{"confidence_interval":{"confidence_level":0.95,"lower_bound":-0.0009161020112688322,"upper_bound":0.011519220287873555},"point_estimate":0.005071227527057243,"standard_error":0.0031681648899880505},"median":{"confidence_interval":{"confidence_level":0.95,"lower_bound":0.002060429468700109,"upper_bound":0.011062372167852219},"point_estimate":0.008056919829569686,"standard_error":0.002406520645465364}}