{"mean":{"confidence_interval":{"confidence_level":0.95,"lower_bound":24.02953411990162,"upper_bound":24.71334261215055},"point_estimate":24.357389641931135,"standard_error":0.1769305596598103},"median":{"confidence_interval":{"confidence_level":0.95,"lower_bound":24.821861230464158,"upper_bound":24.973310960773848},"point_estimate":24.909863115748866,"standard_error":0.0352478157719786}}