{"mean":{"confidence_interval":{"confidence_level":0.95,"lower_bound":0.051899194844612716,"upper_bound":0.0679292281978531},"point_estimate":0.05984423971378772,"standard_error":0.004172435931415895},"median":{"confidence_interval":{"confidence_level":0.95,"lower_bound":0.07871203907624813,"upper_bound":0.08233464819674308},"point_estimate":0.0807626007849962,"standard_error":0.0009109000184513798}}