{"mean":{"confidence_interval":{"confidence_level":0.95,"lower_bound":-0.9878411425067068,"upper_bound":-0.9799473010556611},"point_estimate":-0.9844900275156094,"standard_error":0.002015799878641965},"median":{"confidence_interval":{"confidence_level":0.95,"lower_bound":-0.9893303747500831,"upper_bound":-0.9766525125852229},"point_estimate":-0.9854037027282239,"standard_error":0.003335736777627632}}