{"mean":{"confidence_interval":{"confidence_level":0.95,"lower_bound":-0.9989961953929528,"upper_bound":-0.9983083854116546},"point_estimate":-0.9987144802372511,"standard_error":0.0001746331581945614},"median":{"confidence_interval":{"confidence_level":0.95,"lower_bound":-0.9986555296004039,"upper_bound":-0.997503171494364},"point_estimate":-0.998212641894266,"standard_error":0.0003016408448646852}}