{"mean":{"confidence_interval":{"confidence_level":0.95,"lower_bound":5.25342254521488,"upper_bound":5.416900683670492},"point_estimate":5.336311496664262,"standard_error":0.041824475584398016},"median":{"confidence_interval":{"confidence_level":0.95,"lower_bound":5.400375250263977,"upper_bound":5.432531347896955},"point_estimate":5.417620991079229,"standard_error":0.008671202374398217}}