{"mean":{"confidence_interval":{"confidence_level":0.95,"lower_bound":37.72900973704492,"upper_bound":38.50278126183726},"point_estimate":38.13842543433987,"standard_error":0.19700306526073041},"median":{"confidence_interval":{"confidence_level":0.95,"lower_bound":36.85987723708209,"upper_bound":37.02240079973394},"point_estimate":36.9454596339863,"standard_error":0.04595448939403406}}