{"mean":{"confidence_interval":{"confidence_level":0.95,"lower_bound":6.9793440476676665,"upper_bound":12.87164544895817},"point_estimate":9.485971306180504,"standard_error":1.5036396091356083},"median":{"confidence_interval":{"confidence_level":0.95,"lower_bound":4.778540381525003,"upper_bound":11.66685607308734},"point_estimate":6.541879327119888,"standard_error":1.7659154810761235}}