{"mean":{"confidence_interval":{"confidence_level":0.95,"lower_bound":-0.0625009657691408,"upper_bound":-0.0502677458202373},"point_estimate":-0.05636875622075965,"standard_error":0.0029982449314990196},"median":{"confidence_interval":{"confidence_level":0.95,"lower_bound":-0.06349090824780157,"upper_bound":-0.059971000653958995},"point_estimate":-0.06137444379397705,"standard_error":0.0009509447428646952}}