{"mean":{"confidence_interval":{"confidence_level":0.95,"lower_bound":-0.09900279538139796,"upper_bound":-0.08449948144198255},"point_estimate":-0.09198262368315102,"standard_error":0.0037023002717004212},"median":{"confidence_interval":{"confidence_level":0.95,"lower_bound":-0.11238930386334678,"upper_bound":-0.10919044952090251},"point_estimate":-0.11061406775830263,"standard_error":0.0007851559660398519}}