{"mean":{"confidence_interval":{"confidence_level":0.95,"lower_bound":0.06278196633160896,"upper_bound":0.07545049034967284},"point_estimate":0.06928659633697998,"standard_error":0.003229046340811373},"median":{"confidence_interval":{"confidence_level":0.95,"lower_bound":0.07249170160783014,"upper_bound":0.07768878031443616},"point_estimate":0.07474450284440382,"standard_error":0.0013291472739864665}}