{"mean":{"confidence_interval":{"confidence_level":0.95,"lower_bound":32494277.295,"upper_bound":33267061.039125},"point_estimate":32885924.15,"standard_error":196777.0437451399},"median":{"confidence_interval":{"confidence_level":0.95,"lower_bound":33944609.0,"upper_bound":34140043.0},"point_estimate":34067817.5,"standard_error":138880.55207982636},"median_abs_dev":{"confidence_interval":{"confidence_level":0.95,"lower_bound":274155.7154327631,"upper_bound":1748743.3482035995},"point_estimate":443954.9252182245,"standard_error":367155.88937727036},"slope":null,"std_dev":{"confidence_interval":{"confidence_level":0.95,"lower_bound":1802536.0130868095,"upper_bound":2091866.8252830175},"point_estimate":1969740.7699098852,"standard_error":72659.64428441896}}