{"mean":{"confidence_interval":{"confidence_level":0.95,"lower_bound":44.03036596010514,"upper_bound":44.12581112301425},"point_estimate":44.07864079808108,"standard_error":0.02431359978003984},"median":{"confidence_interval":{"confidence_level":0.95,"lower_bound":44.04660022457689,"upper_bound":44.14435004550435},"point_estimate":44.09140264581446,"standard_error":0.025407974251595095}}