{"mean":{"confidence_interval":{"confidence_level":0.95,"lower_bound":52676586.16,"upper_bound":52904697.41675},"point_estimate":52782944.61,"standard_error":58420.689145408105},"median":{"confidence_interval":{"confidence_level":0.95,"lower_bound":52580802.0,"upper_bound":52667053.0},"point_estimate":52647532.0,"standard_error":23693.877124021306},"median_abs_dev":{"confidence_interval":{"confidence_level":0.95,"lower_bound":158361.69228851795,"upper_bound":267589.8546568303},"point_estimate":232846.03236615658,"standard_error":28084.610119395184},"slope":null,"std_dev":{"confidence_interval":{"confidence_level":0.95,"lower_bound":356664.3753724919,"upper_bound":773949.3858031151},"point_estimate":587924.5927947792,"standard_error":106648.80264863551}}