{"mean":{"confidence_interval":{"confidence_level":0.95,"lower_bound":2165977974.08375,"upper_bound":3156421749.8059993},"point_estimate":2644706506.31,"standard_error":252461760.2433881},"median":{"confidence_interval":{"confidence_level":0.95,"lower_bound":1490207269.5,"upper_bound":2426075609.5},"point_estimate":1887341280.0,"standard_error":249093387.65971258},"median_abs_dev":{"confidence_interval":{"confidence_level":0.95,"lower_bound":1480374841.6774929,"upper_bound":2528376309.4798474},"point_estimate":1923684279.932177,"standard_error":279634085.0206062},"slope":null,"std_dev":{"confidence_interval":{"confidence_level":0.95,"lower_bound":2032124678.1687217,"upper_bound":3010705791.6789203},"point_estimate":2551050571.86887,"standard_error":249481552.0031719}}