{"mean":{"confidence_interval":{"confidence_level":0.95,"lower_bound":-0.9997559226177944,"upper_bound":-0.999752323199739},"point_estimate":-0.9997540725527029,"standard_error":9.215955573350279e-7},"median":{"confidence_interval":{"confidence_level":0.95,"lower_bound":-0.9997500164608855,"upper_bound":-0.9997490507678192},"point_estimate":-0.9997495790876018,"standard_error":2.4798407319589557e-7}}