{"mean":{"confidence_interval":{"confidence_level":0.95,"lower_bound":5.271015026289484,"upper_bound":9.808337992292437},"point_estimate":7.216330562076326,"standard_error":1.1655889593042152},"median":{"confidence_interval":{"confidence_level":0.95,"lower_bound":5.288684469962521,"upper_bound":12.631784053378889},"point_estimate":9.44018549700278,"standard_error":1.9395935200530041}}