{"mean":{"confidence_interval":{"confidence_level":0.95,"lower_bound":6.855279493025294,"upper_bound":12.820297264076308},"point_estimate":9.47263625960034,"standard_error":1.5169336948722185},"median":{"confidence_interval":{"confidence_level":0.95,"lower_bound":6.682590057408611,"upper_bound":14.614578403319728},"point_estimate":9.547229404922886,"standard_error":2.010280914585856}}