{"mean":{"confidence_interval":{"confidence_level":0.95,"lower_bound":24993767.285,"upper_bound":33922679.055},"point_estimate":29196571.79,"standard_error":2286725.052871423},"median":{"confidence_interval":{"confidence_level":0.95,"lower_bound":20856122.0,"upper_bound":29300266.25},"point_estimate":24018822.25,"standard_error":2423267.5049170367},"median_abs_dev":{"confidence_interval":{"confidence_level":0.95,"lower_bound":11440566.834439337,"upper_bound":17834793.312469125},"point_estimate":14349397.218847275,"standard_error":1675557.6809248559},"slope":null,"std_dev":{"confidence_interval":{"confidence_level":0.95,"lower_bound":15301311.95378485,"upper_bound":29369443.86694952},"point_estimate":22891152.86751506,"standard_error":3591235.6982259965}}