{"mean":{"confidence_interval":{"confidence_level":0.95,"lower_bound":25899836.647500005,"upper_bound":36031012.83525},"point_estimate":30725315.77,"standard_error":2577217.889482028},"median":{"confidence_interval":{"confidence_level":0.95,"lower_bound":17905198.5,"upper_bound":29734985.0},"point_estimate":23043740.0,"standard_error":2915200.5268564546},"median_abs_dev":{"confidence_interval":{"confidence_level":0.95,"lower_bound":14014595.010191202,"upper_bound":24978325.81719607},"point_estimate":19615249.47410971,"standard_error":2695546.9703784063},"slope":null,"std_dev":{"confidence_interval":{"confidence_level":0.95,"lower_bound":20031625.504458647,"upper_bound":31902734.213219732},"point_estimate":26241427.181514997,"standard_error":3063156.056554798}}