{"mean":{"confidence_interval":{"confidence_level":0.95,"lower_bound":54493822.96,"upper_bound":54709802.98},"point_estimate":54595653.38,"standard_error":54876.0246355849},"median":{"confidence_interval":{"confidence_level":0.95,"lower_bound":54419512.5,"upper_bound":54498393.5},"point_estimate":54460000.0,"standard_error":22801.20557159973},"median_abs_dev":{"confidence_interval":{"confidence_level":0.95,"lower_bound":135380.65139651299,"upper_bound":247025.65557941777},"point_estimate":184286.43542826176,"standard_error":29147.823243922532},"slope":null,"std_dev":{"confidence_interval":{"confidence_level":0.95,"lower_bound":380386.5198582584,"upper_bound":683338.3057658933},"point_estimate":548794.0524380428,"standard_error":76971.10844154698}}