{"mean":{"confidence_interval":{"confidence_level":0.95,"lower_bound":0.031228897276355756,"upper_bound":0.03733349497209794},"point_estimate":0.03434269882807128,"standard_error":0.0015587441590887796},"median":{"confidence_interval":{"confidence_level":0.95,"lower_bound":0.033552380586653545,"upper_bound":0.035946190506706444},"point_estimate":0.034426457065451777,"standard_error":0.0006339904304039326}}