{"mean":{"confidence_interval":{"confidence_level":0.95,"lower_bound":5461144.655,"upper_bound":5467765.288000001},"point_estimate":5464347.773999998,"standard_error":1692.178848908094},"median":{"confidence_interval":{"confidence_level":0.95,"lower_bound":5460895.35,"upper_bound":5467360.7},"point_estimate":5463265.5,"standard_error":1592.8220581117764},"median_abs_dev":{"confidence_interval":{"confidence_level":0.95,"lower_bound":10505.851673483987,"upper_bound":16268.13770393251},"point_estimate":13458.968431055131,"standard_error":1490.8281286258914},"slope":null,"std_dev":{"confidence_interval":{"confidence_level":0.95,"lower_bound":11655.605234589071,"upper_bound":22806.574231360068},"point_estimate":16955.19507826272,"standard_error":2950.933289057701}}